id;nome;email;telefone;formacao;experiencia;skills;idiomas;certificacoes;resumo;empresas_previas;ids_contatos
1;Henrique Ferreira Santos;henrique.ferreira.santos@exemplo.com;+55 11 91896-2569;Bacharelado em Sistemas de Informação;5 anos como analista de dados;React, PostgreSQL, MongoDB, Azure, Python, Java;Inglês;Certified Kubernetes Administrator, Microsoft Certified: Azure Fundamentals;Profissional com 5 anos como analista de dados, aplicando tecnologias como React, PostgreSQL, MongoDB em projetos realizados em empresas como IBM Brasil. Possui certificações como Certified Kubernetes Administrator, Microsoft Certified: Azure Fundamentals, destacando-se pela capacidade de entregar soluções inovadoras e eficientes alinhadas às necessidades do negócio.;IBM Brasil;33, 13, 53, 70, 96, 92, 27, 2, 54, 29, 32
2;Paula Moreira Pereira;paula.moreira.pereira@exemplo.com;+55 11 91288-1625;Engenharia da Computação;3 anos como cientista de dados;Kubernetes, TensorFlow, CSS, Azure, PostgreSQL;Inglês;Certified Information Systems Security Professional (CISSP), Oracle Certified Professional, Java SE;Profissional com 3 anos como cientista de dados, aplicando tecnologias como Kubernetes, TensorFlow, CSS em projetos realizados em empresas como TOTVS, IBM Brasil. Possui certificações como Certified Information Systems Security Professional (CISSP), Oracle Certified Professional, Java SE, destacando-se pela capacidade de entregar soluções inovadoras e eficientes alinhadas às necessidades do negócio.;TOTVS, IBM Brasil;15, 19, 97, 71, 9, 63, 29, 6, 82, 67, 81, 78, 91, 89, 90, 60, 16
3;Sofia Teixeira da Silva;sofia.teixeira.da.silva@exemplo.com;+55 11 91693-7084;Engenharia de Software;2 anos como engenheiro de software;NoSQL, JavaScript, SQL, Hadoop, Google Cloud, MySQL, PostgreSQL, TensorFlow;Português, Francês;AWS Certified Solutions Architect, Scrum Master Certified;Profissional com 2 anos como engenheiro de software, aplicando tecnologias como NoSQL, JavaScript, SQL em projetos realizados em empresas como IBM Brasil, Petrobras. Possui certificações como AWS Certified Solutions Architect, Scrum Master Certified, destacando-se pela capacidade de entregar soluções inovadoras e eficientes alinhadas às necessidades do negócio.;IBM Brasil, Petrobras, Amazon Brasil;25, 12, 62, 90, 71, 72
4;Carla Mendes Ferreira;carla.mendes.ferreira@exemplo.com;+55 11 96357-3867;Bacharelado em Ciência da Computação;3 anos como cientista de dados;Azure, Node.js, Spark, Vue.js, JavaScript, Hadoop, Angular, Docker;Espanhol, Alemão;Certified Information Systems Security Professional (CISSP);Profissional com 3 anos como cientista de dados, aplicando tecnologias como Azure, Node.js, Spark em projetos realizados em empresas como IBM Brasil. Possui certificações como Certified Information Systems Security Professional (CISSP), destacando-se pela capacidade de entregar soluções inovadoras e eficientes alinhadas às necessidades do negócio.;IBM Brasil;37, 22, 73, 26, 88, 67, 23, 2, 55, 27, 78, 34, 18, 68, 43
5;Tiago Barros Ferreira;tiago.barros.ferreira@exemplo.com;+55 11 94864-1445;Bacharelado em Sistemas de Informação;2 anos como engenheiro de software;React, Redis, Angular, Node.js, Java, C#, JavaScript;Espanhol;Google Cloud Professional Data Engineer;Profissional com 2 anos como engenheiro de software, aplicando tecnologias como React, Redis, Angular em projetos realizados em empresas como Microsoft Brasil, IBM Brasil. Possui certificações como Google Cloud Professional Data Engineer, destacando-se pela capacidade de entregar soluções inovadoras e eficientes alinhadas às necessidades do negócio.;Microsoft Brasil, IBM Brasil;69, 56, 25, 88, 16, 11, 73, 46, 19, 21, 84, 76, 58, 50, 71, 47
6;Eduarda Rocha Santos;eduarda.rocha.santos@exemplo.com;+55 11 97942-6822;Engenharia de Software;4 anos como administrador de banco de dados;Docker, Google Cloud, MySQL, React, MongoDB, Kubernetes, Python;Francês;Certified Information Systems Security Professional (CISSP);Profissional com 4 anos como administrador de banco de dados, aplicando tecnologias como Docker, Google Cloud, MySQL em projetos realizados em empresas como Petrobras, Mercado Livre. Possui certificações como Certified Information Systems Security Professional (CISSP), destacando-se pela capacidade de entregar soluções inovadoras e eficientes alinhadas às necessidades do negócio.;Petrobras, Mercado Livre, Google Brasil, TOTVS;47, 14, 30, 81, 4, 38
7;Eduarda Rocha Pereira;eduarda.rocha.pereira@exemplo.com;+55 11 98160-2097;Engenharia de Software;2 anos como engenheiro de software;Spark, Kubernetes, PostgreSQL, SQL, Angular, AWS, Vue.js, MongoDB;Alemão, Português, Inglês;Oracle Certified Professional, Java SE, Scrum Master Certified;Profissional com 2 anos como engenheiro de software, aplicando tecnologias como Spark, Kubernetes, PostgreSQL em projetos realizados em empresas como Itaú Unibanco, Google Brasil. Possui certificações como Oracle Certified Professional, Java SE, Scrum Master Certified, destacando-se pela capacidade de entregar soluções inovadoras e eficientes alinhadas às necessidades do negócio.;Itaú Unibanco, Google Brasil, PagSeguro, IBM Brasil;25, 59, 75, 19, 70, 60, 21, 24, 23, 66, 64, 45, 53, 95, 47, 41, 15, 27, 38
8;Tiago Barros Santos;tiago.barros.santos@exemplo.com;+55 11 91848-4102;Engenharia da Computação;3 anos como desenvolvedor backend;SQL, Spark, JavaScript, Java, Docker, HTML;Português;Scrum Master Certified, Certified Information Systems Security Professional (CISSP), Certified Kubernetes Administrator;Profissional com 3 anos como desenvolvedor backend, aplicando tecnologias como SQL, Spark, JavaScript em projetos realizados em empresas como Globo.com, Petrobras. Possui certificações como Scrum Master Certified, Certified Information Systems Security Professional (CISSP), Certified Kubernetes Administrator, destacando-se pela capacidade de entregar soluções inovadoras e eficientes alinhadas às necessidades do negócio.;Globo.com, Petrobras, Embraer, IBM Brasil;68, 70, 71, 2, 80
9;Eduarda Rocha Ferreira;eduarda.rocha.ferreira@exemplo.com;+55 11 97842-7648;Bacharelado em Sistemas de Informação;5 anos como engenheiro de dados;Kubernetes, Hadoop, PostgreSQL, HTML, Vue.js, Python, MySQL;Francês, Inglês;AWS Certified Solutions Architect, Oracle Certified Professional, Java SE;Profissional com 5 anos como engenheiro de dados, aplicando tecnologias como Kubernetes, Hadoop, PostgreSQL em projetos realizados em empresas como TOTVS. Possui certificações como AWS Certified Solutions Architect, Oracle Certified Professional, Java SE, destacando-se pela capacidade de entregar soluções inovadoras e eficientes alinhadas às necessidades do negócio.;TOTVS;71, 91, 66, 14, 18, 70, 3, 24, 32, 92
10;Sofia Teixeira da Silva;sofia.teixeira.da.silva@exemplo.com;+55 11 97703-9635;Tecnólogo em Análise e Desenvolvimento de Sistemas;4 anos como administrador de banco de dados;Node.js, Java, Hadoop, CSS, PyTorch, Redis, Google Cloud, MySQL;Alemão;Certified Kubernetes Administrator, Scrum Master Certified;Profissional com 4 anos como administrador de banco de dados, aplicando tecnologias como Node.js, Java, Hadoop em projetos realizados em empresas como Petrobras. Possui certificações como Certified Kubernetes Administrator, Scrum Master Certified, destacando-se pela capacidade de entregar soluções inovadoras e eficientes alinhadas às necessidades do negócio.;Petrobras;14, 16, 25, 57, 54, 97, 76, 93
11;Ricardo Nunes Melo;ricardo.nunes.melo@exemplo.com;+55 11 96484-8086;Engenharia de Software;4 anos como administrador de banco de dados;SQL, MySQL, Hadoop, Spark, Java, AWS;Alemão, Espanhol;Google Cloud Professional Data Engineer;Profissional com 4 anos como administrador de banco de dados, aplicando tecnologias como SQL, MySQL, Hadoop em projetos realizados em empresas como Google Brasil. Possui certificações como Google Cloud Professional Data Engineer, destacando-se pela capacidade de entregar soluções inovadoras e eficientes alinhadas às necessidades do negócio.;Google Brasil;88, 43, 45, 18, 6, 57, 86, 14, 80, 33, 98, 15
12;Natália Andrade Santos;natália.andrade.santos@exemplo.com;+55 11 92550-5003;Engenharia de Software;2 anos como engenheiro de software;Hadoop, MongoDB, AWS, JavaScript, PostgreSQL, Python;Francês, Português, Espanhol;AWS Certified Solutions Architect, Scrum Master Certified, Certified Kubernetes Administrator;Profissional com 2 anos como engenheiro de software, aplicando tecnologias como Hadoop, MongoDB, AWS em projetos realizados em empresas como Microsoft Brasil, Vale. Possui certificações como AWS Certified Solutions Architect, Scrum Master Certified, Certified Kubernetes Administrator, destacando-se pela capacidade de entregar soluções inovadoras e eficientes alinhadas às necessidades do negócio.;Microsoft Brasil, Vale, TOTVS;52, 86, 53, 37, 33, 59, 19, 8, 57, 54, 97
13;Karen Martins Ferreira;karen.martins.ferreira@exemplo.com;+55 11 97067-1473;Tecnólogo em Análise e Desenvolvimento de Sistemas;2 anos como especialista em segurança da informação;Google Cloud, PyTorch, JavaScript, MongoDB, MySQL, Hadoop, TensorFlow, Kubernetes;Francês;Google Cloud Professional Data Engineer, Certified Kubernetes Administrator;Profissional com 2 anos como especialista em segurança da informação, aplicando tecnologias como Google Cloud, PyTorch, JavaScript em projetos realizados em empresas como Vale. Possui certificações como Google Cloud Professional Data Engineer, Certified Kubernetes Administrator, destacando-se pela capacidade de entregar soluções inovadoras e eficientes alinhadas às necessidades do negócio.;Vale;51, 81, 1, 32, 55, 77, 74, 84, 33, 63, 86, 23, 69, 46, 4
14;João Pereira da Silva;joão.pereira.da.silva@exemplo.com;+55 11 96463-5381;Engenharia de Software;3 anos como desenvolvedor backend;NoSQL, React, SQL, PyTorch, C#;Francês, Espanhol, Português;AWS Certified Solutions Architect, Certified Kubernetes Administrator;Profissional com 3 anos como desenvolvedor backend, aplicando tecnologias como NoSQL, React, SQL em projetos realizados em empresas como TOTVS, Google Brasil. Possui certificações como AWS Certified Solutions Architect, Certified Kubernetes Administrator, destacando-se pela capacidade de entregar soluções inovadoras e eficientes alinhadas às necessidades do negócio.;TOTVS, Google Brasil, PagSeguro, Nubank;95, 78, 57, 83, 68, 45, 15, 25, 18, 5, 21
15;Carla Mendes da Silva;carla.mendes.da.silva@exemplo.com;+55 11 91933-4621;Tecnólogo em Análise e Desenvolvimento de Sistemas;5 anos como engenheiro de dados;Google Cloud, Kubernetes, JavaScript, React, C#;Português, Francês, Inglês;Certified Kubernetes Administrator, Oracle Certified Professional, Java SE;Profissional com 5 anos como engenheiro de dados, aplicando tecnologias como Google Cloud, Kubernetes, JavaScript em projetos realizados em empresas como TOTVS. Possui certificações como Certified Kubernetes Administrator, Oracle Certified Professional, Java SE, destacando-se pela capacidade de entregar soluções inovadoras e eficientes alinhadas às necessidades do negócio.;TOTVS;20, 36, 79, 5, 52, 33, 64, 25, 63, 57, 3, 60, 2, 67, 34, 71, 91, 47
16;João Pereira Santos;joão.pereira.santos@exemplo.com;+55 11 94578-8734;Bacharelado em Ciência da Computação;5 anos como analista de dados;React, Kubernetes, Node.js, Python, PostgreSQL, Java, Angular, Vue.js;Alemão, Inglês, Espanhol;AWS Certified Solutions Architect;Profissional com 5 anos como analista de dados, aplicando tecnologias como React, Kubernetes, Node.js em projetos realizados em empresas como Google Brasil, TOTVS. Possui certificações como AWS Certified Solutions Architect, destacando-se pela capacidade de entregar soluções inovadoras e eficientes alinhadas às necessidades do negócio.;Google Brasil, TOTVS, PagSeguro, Microsoft Brasil;85, 5, 73, 79, 30, 28, 36, 90, 46, 71, 92, 91, 7, 34, 69, 29
17;Henrique Ferreira Ferreira;henrique.ferreira.ferreira@exemplo.com;+55 11 98200-2508;Tecnólogo em Análise e Desenvolvimento de Sistemas;2 anos como engenheiro de software;MongoDB, Docker, React, JavaScript, PyTorch, Java;Alemão;Certified Kubernetes Administrator, AWS Certified Solutions Architect;Profissional com 2 anos como engenheiro de software, aplicando tecnologias como MongoDB, Docker, React em projetos realizados em empresas como Embraer, IBM Brasil. Possui certificações como Certified Kubernetes Administrator, AWS Certified Solutions Architect, destacando-se pela capacidade de entregar soluções inovadoras e eficientes alinhadas às necessidades do negócio.;Embraer, IBM Brasil, Microsoft Brasil, Google Brasil;2, 74, 12, 76, 71, 97, 53, 29, 20, 49, 57, 7, 4, 3, 46, 69, 1, 86, 40
18;Sofia Teixeira Melo;sofia.teixeira.melo@exemplo.com;+55 11 98778-8642;Bacharelado em Sistemas de Informação;5 anos como analista de dados;Java, Node.js, React, HTML, AWS, Hadoop, Spark;Inglês;Scrum Master Certified;Profissional com 5 anos como analista de dados, aplicando tecnologias como Java, Node.js, React em projetos realizados em empresas como Petrobras, IBM Brasil. Possui certificações como Scrum Master Certified, destacando-se pela capacidade de entregar soluções inovadoras e eficientes alinhadas às necessidades do negócio.;Petrobras, IBM Brasil, Google Brasil, Microsoft Brasil;83, 3, 55, 46, 15
19;Sofia Teixeira da Silva;sofia.teixeira.da.silva@exemplo.com;+55 11 97206-2768;Engenharia de Software;3 anos como desenvolvedor backend;JavaScript, Angular, Redis, Hadoop, CSS, React;Francês;Certified Kubernetes Administrator, AWS Certified Solutions Architect;Profissional com 3 anos como desenvolvedor backend, aplicando tecnologias como JavaScript, Angular, Redis em projetos realizados em empresas como TOTVS, Mercado Livre. Possui certificações como Certified Kubernetes Administrator, AWS Certified Solutions Architect, destacando-se pela capacidade de entregar soluções inovadoras e eficientes alinhadas às necessidades do negócio.;TOTVS, Mercado Livre, Itaú Unibanco, Petrobras;8, 22, 20, 6, 11
20;Lucas Ribeiro Pereira;lucas.ribeiro.pereira@exemplo.com;+55 11 91732-3024;Engenharia da Computação;5 anos como analista de dados;Docker, MongoDB, Azure, Spark, C#, JavaScript;Alemão, Português;Scrum Master Certified, Google Cloud Professional Data Engineer, Certified Kubernetes Administrator;Profissional com 5 anos como analista de dados, aplicando tecnologias como Docker, MongoDB, Azure em projetos realizados em empresas como Petrobras, PagSeguro. Possui certificações como Scrum Master Certified, Google Cloud Professional Data Engineer, Certified Kubernetes Administrator, destacando-se pela capacidade de entregar soluções inovadoras e eficientes alinhadas às necessidades do negócio.;Petrobras, PagSeguro;79, 35, 36, 88, 78, 59, 87, 54, 45, 38, 76, 13, 24, 39, 61
21;Paula Moreira Pereira;paula.moreira.pereira@exemplo.com;+55 11 99211-5498;Engenharia da Computação;4 anos como administrador de banco de dados;React, Java, SQL, Node.js, Angular, Docker;Alemão, Francês;Certified Kubernetes Administrator;Profissional com 4 anos como administrador de banco de dados, aplicando tecnologias como React, Java, SQL em projetos realizados em empresas como TOTVS, IBM Brasil. Possui certificações como Certified Kubernetes Administrator, destacando-se pela capacidade de entregar soluções inovadoras e eficientes alinhadas às necessidades do negócio.;TOTVS, IBM Brasil;60, 25, 51, 93, 72, 39, 75
22;Natália Andrade Ferreira;natália.andrade.ferreira@exemplo.com;+55 11 96397-7659;Engenharia da Computação;6 anos como desenvolvedor full stack;TensorFlow, Azure, Google Cloud, JavaScript, Python, Spark, Docker, MongoDB;Português, Inglês;Google Cloud Professional Data Engineer, Certified Information Systems Security Professional (CISSP);Profissional com 6 anos como desenvolvedor full stack, aplicando tecnologias como TensorFlow, Azure, Google Cloud em projetos realizados em empresas como Itaú Unibanco. Possui certificações como Google Cloud Professional Data Engineer, Certified Information Systems Security Professional (CISSP), destacando-se pela capacidade de entregar soluções inovadoras e eficientes alinhadas às necessidades do negócio.;Itaú Unibanco;9, 4, 25, 8, 42, 100, 83, 15, 24
23;Henrique Ferreira Pereira;henrique.ferreira.pereira@exemplo.com;+55 11 96237-9686;Bacharelado em Ciência da Computação;3 anos como cientista de dados;MongoDB, Angular, Google Cloud, CSS, React;Português, Inglês, Francês;AWS Certified Solutions Architect;Profissional com 3 anos como cientista de dados, aplicando tecnologias como MongoDB, Angular, Google Cloud em projetos realizados em empresas como Amazon Brasil, Petrobras. Possui certificações como AWS Certified Solutions Architect, destacando-se pela capacidade de entregar soluções inovadoras e eficientes alinhadas às necessidades do negócio.;Amazon Brasil, Petrobras;26, 86, 28, 94, 78, 8, 85, 79, 87
24;Diego Oliveira Pereira;diego.oliveira.pereira@exemplo.com;+55 11 98660-9779;Bacharelado em Sistemas de Informação;6 anos como desenvolvedor full stack;Node.js, SQL, MongoDB, Angular, Spark, Hadoop, Kubernetes, AWS;Espanhol, Português;Scrum Master Certified, AWS Certified Solutions Architect;Profissional com 6 anos como desenvolvedor full stack, aplicando tecnologias como Node.js, SQL, MongoDB em projetos realizados em empresas como Itaú Unibanco. Possui certificações como Scrum Master Certified, AWS Certified Solutions Architect, destacando-se pela capacidade de entregar soluções inovadoras e eficientes alinhadas às necessidades do negócio.;Itaú Unibanco;55, 58, 40, 91, 71, 31, 69, 48, 39, 28
25;Isabela Costa Ferreira;isabela.costa.ferreira@exemplo.com;+55 11 97351-3959;Engenharia da Computação;3 anos como desenvolvedor backend;C#, Spark, HTML, MySQL, Vue.js, React;Espanhol, Francês, Alemão;Scrum Master Certified, Certified Information Systems Security Professional (CISSP), Oracle Certified Professional, Java SE;Profissional com 3 anos como desenvolvedor backend, aplicando tecnologias como C#, Spark, HTML em projetos realizados em empresas como Vale. Possui certificações como Scrum Master Certified, Certified Information Systems Security Professional (CISSP), Oracle Certified Professional, Java SE, destacando-se pela capacidade de entregar soluções inovadoras e eficientes alinhadas às necessidades do negócio.;Vale;78, 94, 39, 93, 71, 28, 100, 86, 50, 7, 52, 6, 31, 5, 84
26;Henrique Ferreira Ferreira;henrique.ferreira.ferreira@exemplo.com;+55 11 93764-1372;Bacharelado em Sistemas de Informação;3 anos como desenvolvedor backend;Node.js, AWS, Java, TensorFlow, Python, Kubernetes;Alemão;Microsoft Certified: Azure Fundamentals, Oracle Certified Professional, Java SE, Certified Information Systems Security Professional (CISSP);Profissional com 3 anos como desenvolvedor backend, aplicando tecnologias como Node.js, AWS, Java em projetos realizados em empresas como Globo.com, Itaú Unibanco. Possui certificações como Microsoft Certified: Azure Fundamentals, Oracle Certified Professional, Java SE, Certified Information Systems Security Professional (CISSP), destacando-se pela capacidade de entregar soluções inovadoras e eficientes alinhadas às necessidades do negócio.;Globo.com, Itaú Unibanco, Mercado Livre;1, 30, 79, 28, 35, 93, 6, 9, 65, 18, 54, 34, 71, 64
27;Sofia Teixeira Pereira;sofia.teixeira.pereira@exemplo.com;+55 11 93239-6571;Engenharia de Software;3 anos como desenvolvedor backend;Redis, JavaScript, PyTorch, Hadoop, C#;Alemão;Google Cloud Professional Data Engineer;Profissional com 3 anos como desenvolvedor backend, aplicando tecnologias como Redis, JavaScript, PyTorch em projetos realizados em empresas como Itaú Unibanco. Possui certificações como Google Cloud Professional Data Engineer, destacando-se pela capacidade de entregar soluções inovadoras e eficientes alinhadas às necessidades do negócio.;Itaú Unibanco;73, 16, 42, 88, 59, 45, 8, 84, 40, 20, 86, 72
28;Bruno Lima Pereira;bruno.lima.pereira@exemplo.com;+55 11 94895-6230;Engenharia de Software;5 anos como analista de dados;Azure, Python, PyTorch, Angular, NoSQL;Português, Francês, Inglês;Microsoft Certified: Azure Fundamentals;Profissional com 5 anos como analista de dados, aplicando tecnologias como Azure, Python, PyTorch em projetos realizados em empresas como IBM Brasil, Itaú Unibanco. Possui certificações como Microsoft Certified: Azure Fundamentals, destacando-se pela capacidade de entregar soluções inovadoras e eficientes alinhadas às necessidades do negócio.;IBM Brasil, Itaú Unibanco, Microsoft Brasil, Globo.com;16, 86, 23, 85, 95, 74, 96, 60, 78
29;Henrique Ferreira Melo;henrique.ferreira.melo@exemplo.com;+55 11 91956-9574;Bacharelado em Ciência da Computação;5 anos como engenheiro de dados;Kubernetes, PyTorch, C#, AWS, Spark, NoSQL, Vue.js;Inglês;Certified Information Systems Security Professional (CISSP), Google Cloud Professional Data Engineer, Scrum Master Certified;Profissional com 5 anos como engenheiro de dados, aplicando tecnologias como Kubernetes, PyTorch, C# em projetos realizados em empresas como Nubank, Embraer. Possui certificações como Certified Information Systems Security Professional (CISSP), Google Cloud Professional Data Engineer, Scrum Master Certified, destacando-se pela capacidade de entregar soluções inovadoras e eficientes alinhadas às necessidades do negócio.;Nubank, Embraer;57, 10, 45, 61, 38
30;Tiago Barros Melo;tiago.barros.melo@exemplo.com;+55 11 98356-3547;Bacharelado em Ciência da Computação;3 anos como desenvolvedor backend;C#, MongoDB, CSS, Redis, MySQL;Alemão;AWS Certified Solutions Architect;Profissional com 3 anos como desenvolvedor backend, aplicando tecnologias como C#, MongoDB, CSS em projetos realizados em empresas como TOTVS, Google Brasil. Possui certificações como AWS Certified Solutions Architect, destacando-se pela capacidade de entregar soluções inovadoras e eficientes alinhadas às necessidades do negócio.;TOTVS, Google Brasil, Embraer, Mercado Livre;40, 94, 8, 72, 33, 53, 71, 13
31;Diego Oliveira Melo;diego.oliveira.melo@exemplo.com;+55 11 93195-4098;Engenharia da Computação;2 anos como especialista em segurança da informação;TensorFlow, NoSQL, Spark, Angular, Kubernetes;Inglês, Alemão, Francês;Certified Kubernetes Administrator;Profissional com 2 anos como especialista em segurança da informação, aplicando tecnologias como TensorFlow, NoSQL, Spark em projetos realizados em empresas como Google Brasil, Amazon Brasil. Possui certificações como Certified Kubernetes Administrator, destacando-se pela capacidade de entregar soluções inovadoras e eficientes alinhadas às necessidades do negócio.;Google Brasil, Amazon Brasil, Petrobras, Globo.com;25, 73, 70, 47, 79, 88, 12, 94, 76, 34, 72, 83, 46, 74, 15, 66, 95, 21, 80, 45
32;Ana Souza da Silva;ana.souza.da.silva@exemplo.com;+55 11 94560-3746;Tecnólogo em Análise e Desenvolvimento de Sistemas;3 anos como cientista de dados;TensorFlow, React, Azure, Node.js, CSS, Google Cloud, Python, Vue.js;Espanhol, Português;AWS Certified Solutions Architect;Profissional com 3 anos como cientista de dados, aplicando tecnologias como TensorFlow, React, Azure em projetos realizados em empresas como Nubank, Mercado Livre. Possui certificações como AWS Certified Solutions Architect, destacando-se pela capacidade de entregar soluções inovadoras e eficientes alinhadas às necessidades do negócio.;Nubank, Mercado Livre;14, 24, 84, 70, 62, 57, 78, 64
33;Natália Andrade da Silva;natália.andrade.da.silva@exemplo.com;+55 11 97249-4169;Engenharia da Computação;5 anos como engenheiro de dados;Redis, PostgreSQL, AWS, Docker, Python, HTML;Francês, Alemão;Google Cloud Professional Data Engineer;Profissional com 5 anos como engenheiro de dados, aplicando tecnologias como Redis, PostgreSQL, AWS em projetos realizados em empresas como Itaú Unibanco, Petrobras. Possui certificações como Google Cloud Professional Data Engineer, destacando-se pela capacidade de entregar soluções inovadoras e eficientes alinhadas às necessidades do negócio.;Itaú Unibanco, Petrobras, IBM Brasil, PagSeguro;71, 35, 52, 28, 2, 56, 8, 29, 1, 23, 45, 98
34;Eduarda Rocha Pereira;eduarda.rocha.pereira@exemplo.com;+55 11 93031-8540;Tecnólogo em Análise e Desenvolvimento de Sistemas;6 anos como desenvolvedor full stack;Kubernetes, HTML, CSS, NoSQL, React, Python, Redis, Vue.js;Inglês;AWS Certified Solutions Architect, Google Cloud Professional Data Engineer, Certified Kubernetes Administrator;Profissional com 6 anos como desenvolvedor full stack, aplicando tecnologias como Kubernetes, HTML, CSS em projetos realizados em empresas como Itaú Unibanco, IBM Brasil. Possui certificações como AWS Certified Solutions Architect, Google Cloud Professional Data Engineer, Certified Kubernetes Administrator, destacando-se pela capacidade de entregar soluções inovadoras e eficientes alinhadas às necessidades do negócio.;Itaú Unibanco, IBM Brasil, Vale, PagSeguro;42, 63, 64, 91, 58, 31, 73, 3, 14, 20, 32, 11, 100, 12, 67, 17, 13, 52, 4
35;Paula Moreira da Silva;paula.moreira.da.silva@exemplo.com;+55 11 94386-9714;Tecnólogo em Análise e Desenvolvimento de Sistemas;5 anos como engenheiro de dados;MongoDB, Google Cloud, NoSQL, AWS, SQL, PostgreSQL, Hadoop, Spark;Alemão;Oracle Certified Professional, Java SE, AWS Certified Solutions Architect;Profissional com 5 anos como engenheiro de dados, aplicando tecnologias como MongoDB, Google Cloud, NoSQL em projetos realizados em empresas como PagSeguro. Possui certificações como Oracle Certified Professional, Java SE, AWS Certified Solutions Architect, destacando-se pela capacidade de entregar soluções inovadoras e eficientes alinhadas às necessidades do negócio.;PagSeguro;67, 92, 71, 53, 96, 12, 50, 13, 45, 26, 75, 62, 58, 54, 42
36;João Pereira Melo;joão.pereira.melo@exemplo.com;+55 11 93776-7327;Engenharia da Computação;2 anos como engenheiro de software;Angular, HTML, Redis, Docker, Spark;Alemão;Certified Information Systems Security Professional (CISSP);Profissional com 2 anos como engenheiro de software, aplicando tecnologias como Angular, HTML, Redis em projetos realizados em empresas como Embraer, Amazon Brasil. Possui certificações como Certified Information Systems Security Professional (CISSP), destacando-se pela capacidade de entregar soluções inovadoras e eficientes alinhadas às necessidades do negócio.;Embraer, Amazon Brasil, Mercado Livre;74, 65, 43, 2, 86, 77, 25, 99, 42, 60, 17, 61
37;Henrique Ferreira Melo;henrique.ferreira.melo@exemplo.com;+55 11 96049-9944;Tecnólogo em Análise e Desenvolvimento de Sistemas;6 anos como desenvolvedor full stack;PostgreSQL, JavaScript, TensorFlow, Angular, Node.js, Spark, Redis;Alemão;Certified Information Systems Security Professional (CISSP), Scrum Master Certified;Profissional com 6 anos como desenvolvedor full stack, aplicando tecnologias como PostgreSQL, JavaScript, TensorFlow em projetos realizados em empresas como IBM Brasil, Amazon Brasil. Possui certificações como Certified Information Systems Security Professional (CISSP), Scrum Master Certified, destacando-se pela capacidade de entregar soluções inovadoras e eficientes alinhadas às necessidades do negócio.;IBM Brasil, Amazon Brasil, Itaú Unibanco, Microsoft Brasil;86, 67, 32, 43, 35, 30, 19, 66, 41, 96, 69, 77, 33, 87
38;Vanessa Lima Santos;vanessa.lima.santos@exemplo.com;+55 11 95849-1176;Tecnólogo em Análise e Desenvolvimento de Sistemas;2 anos como especialista em segurança da informação;CSS, HTML, React, Java, Hadoop;Alemão, Português, Espanhol;Certified Kubernetes Administrator;Profissional com 2 anos como especialista em segurança da informação, aplicando tecnologias como CSS, HTML, React em projetos realizados em empresas como Amazon Brasil, Nubank. Possui certificações como Certified Kubernetes Administrator, destacando-se pela capacidade de entregar soluções inovadoras e eficientes alinhadas às necessidades do negócio.;Amazon Brasil, Nubank, Petrobras;24, 60, 6, 10, 9, 68, 33, 55, 89, 46, 71, 17, 13, 57, 39, 99, 45, 30, 93, 1
39;Karen Martins Melo;karen.martins.melo@exemplo.com;+55 11 93234-4805;Engenharia de Software;3 anos como desenvolvedor backend;Java, SQL, NoSQL, Vue.js, Python, PostgreSQL, Spark;Francês, Alemão, Espanhol;Microsoft Certified: Azure Fundamentals, Certified Kubernetes Administrator;Profissional com 3 anos como desenvolvedor backend, aplicando tecnologias como Java, SQL, NoSQL em projetos realizados em empresas como Embraer, Amazon Brasil. Possui certificações como Microsoft Certified: Azure Fundamentals, Certified Kubernetes Administrator, destacando-se pela capacidade de entregar soluções inovadoras e eficientes alinhadas às necessidades do negócio.;Embraer, Amazon Brasil, TOTVS;81, 1, 55, 28, 16, 98, 11, 62, 23, 96, 99, 69, 58, 63, 7, 86, 56, 34
40;Otávio Carvalho da Silva;otávio.carvalho.da.silva@exemplo.com;+55 11 98045-5074;Bacharelado em Sistemas de Informação;3 anos como cientista de dados;Redis, HTML, Python, Angular, MongoDB;Espanhol;Microsoft Certified: Azure Fundamentals, Certified Information Systems Security Professional (CISSP);Profissional com 3 anos como cientista de dados, aplicando tecnologias como Redis, HTML, Python em projetos realizados em empresas como Petrobras, Globo.com. Possui certificações como Microsoft Certified: Azure Fundamentals, Certified Information Systems Security Professional (CISSP), destacando-se pela capacidade de entregar soluções inovadoras e eficientes alinhadas às necessidades do negócio.;Petrobras, Globo.com, Nubank, Itaú Unibanco;38, 97, 66, 9, 82, 88, 30
41;Lucas Ribeiro Pereira;lucas.ribeiro.pereira@exemplo.com;+55 11 95240-3875;Bacharelado em Sistemas de Informação;2 anos como engenheiro de software;JavaScript, Java, CSS, Angular, C#, Spark;Português, Francês;Google Cloud Professional Data Engineer, Scrum Master Certified;Profissional com 2 anos como engenheiro de software, aplicando tecnologias como JavaScript, Java, CSS em projetos realizados em empresas como TOTVS, PagSeguro. Possui certificações como Google Cloud Professional Data Engineer, Scrum Master Certified, destacando-se pela capacidade de entregar soluções inovadoras e eficientes alinhadas às necessidades do negócio.;TOTVS, PagSeguro, Petrobras, Mercado Livre;13, 31, 42, 20, 18, 92, 53, 47
42;Carla Mendes Melo;carla.mendes.melo@exemplo.com;+55 11 94826-7912;Engenharia de Software;5 anos como engenheiro de dados;SQL, Java, TensorFlow, Spark, JavaScript;Alemão, Português;AWS Certified Solutions Architect, Oracle Certified Professional, Java SE, Google Cloud Professional Data Engineer;Profissional com 5 anos como engenheiro de dados, aplicando tecnologias como SQL, Java, TensorFlow em projetos realizados em empresas como Petrobras. Possui certificações como AWS Certified Solutions Architect, Oracle Certified Professional, Java SE, Google Cloud Professional Data Engineer, destacando-se pela capacidade de entregar soluções inovadoras e eficientes alinhadas às necessidades do negócio.;Petrobras;73, 27, 60, 31, 30, 23, 38, 46, 70, 40, 50, 100
43;Felipe Alves da Silva;felipe.alves.da.silva@exemplo.com;+55 11 91244-5835;Bacharelado em Ciência da Computação;6 anos como desenvolvedor full stack;AWS, Hadoop, PyTorch, Kubernetes, Node.js, CSS, NoSQL;Francês, Espanhol, Alemão;Microsoft Certified: Azure Fundamentals, AWS Certified Solutions Architect, Google Cloud Professional Data Engineer;Profissional com 6 anos como desenvolvedor full stack, aplicando tecnologias como AWS, Hadoop, PyTorch em projetos realizados em empresas como Amazon Brasil, Google Brasil. Possui certificações como Microsoft Certified: Azure Fundamentals, AWS Certified Solutions Architect, Google Cloud Professional Data Engineer, destacando-se pela capacidade de entregar soluções inovadoras e eficientes alinhadas às necessidades do negócio.;Amazon Brasil, Google Brasil;69, 90, 95, 92, 61, 25, 40, 98, 96, 35, 36
44;Ricardo Nunes Melo;ricardo.nunes.melo@exemplo.com;+55 11 92259-1968;Engenharia da Computação;2 anos como especialista em segurança da informação;MongoDB, NoSQL, CSS, Kubernetes, React;Espanhol, Português;Certified Kubernetes Administrator, AWS Certified Solutions Architect, Google Cloud Professional Data Engineer;Profissional com 2 anos como especialista em segurança da informação, aplicando tecnologias como MongoDB, NoSQL, CSS em projetos realizados em empresas como TOTVS. Possui certificações como Certified Kubernetes Administrator, AWS Certified Solutions Architect, Google Cloud Professional Data Engineer, destacando-se pela capacidade de entregar soluções inovadoras e eficientes alinhadas às necessidades do negócio.;TOTVS;45, 55, 52, 43, 30, 85, 97
45;Karen Martins da Silva;karen.martins.da.silva@exemplo.com;+55 11 94862-9191;Engenharia de Software;3 anos como cientista de dados;Redis, NoSQL, SQL, Azure, MongoDB, Vue.js;Espanhol, Português;Certified Kubernetes Administrator, Microsoft Certified: Azure Fundamentals, AWS Certified Solutions Architect;Profissional com 3 anos como cientista de dados, aplicando tecnologias como Redis, NoSQL, SQL em projetos realizados em empresas como Google Brasil. Possui certificações como Certified Kubernetes Administrator, Microsoft Certified: Azure Fundamentals, AWS Certified Solutions Architect, destacando-se pela capacidade de entregar soluções inovadoras e eficientes alinhadas às necessidades do negócio.;Google Brasil;20, 30, 47, 26, 75, 51, 4, 18, 71, 32, 11, 81, 62, 66, 3, 15, 92
46;Ana Souza Melo;ana.souza.melo@exemplo.com;+55 11 94335-3009;Bacharelado em Ciência da Computação;2 anos como especialista em segurança da informação;Node.js, MySQL, Angular, SQL, Docker, AWS, Python, HTML;Português, Francês, Alemão;Microsoft Certified: Azure Fundamentals;Profissional com 2 anos como especialista em segurança da informação, aplicando tecnologias como Node.js, MySQL, Angular em projetos realizados em empresas como Embraer, PagSeguro. Possui certificações como Microsoft Certified: Azure Fundamentals, destacando-se pela capacidade de entregar soluções inovadoras e eficientes alinhadas às necessidades do negócio.;Embraer, PagSeguro, Petrobras, Nubank;42, 48, 59, 37, 20, 89, 99, 14, 96, 25, 49, 22, 15, 98, 13, 45
47;Ricardo Nunes da Silva;ricardo.nunes.da.silva@exemplo.com;+55 11 97368-7688;Bacharelado em Sistemas de Informação;3 anos como desenvolvedor backend;Kubernetes, CSS, Docker, PostgreSQL, HTML;Francês;Certified Kubernetes Administrator, Google Cloud Professional Data Engineer, Certified Information Systems Security Professional (CISSP);Profissional com 3 anos como desenvolvedor backend, aplicando tecnologias como Kubernetes, CSS, Docker em projetos realizados em empresas como IBM Brasil. Possui certificações como Certified Kubernetes Administrator, Google Cloud Professional Data Engineer, Certified Information Systems Security Professional (CISSP), destacando-se pela capacidade de entregar soluções inovadoras e eficientes alinhadas às necessidades do negócio.;IBM Brasil;10, 95, 43, 36, 64, 44, 16, 84, 93, 2, 32, 81, 94
48;Paula Moreira Santos;paula.moreira.santos@exemplo.com;+55 11 94818-5920;Engenharia de Software;6 anos como desenvolvedor full stack;Kubernetes, MongoDB, Java, Google Cloud, SQL, MySQL, Python;Português;Google Cloud Professional Data Engineer, Oracle Certified Professional, Java SE, Certified Kubernetes Administrator;Profissional com 6 anos como desenvolvedor full stack, aplicando tecnologias como Kubernetes, MongoDB, Java em projetos realizados em empresas como Amazon Brasil, Globo.com. Possui certificações como Google Cloud Professional Data Engineer, Oracle Certified Professional, Java SE, Certified Kubernetes Administrator, destacando-se pela capacidade de entregar soluções inovadoras e eficientes alinhadas às necessidades do negócio.;Amazon Brasil, Globo.com, PagSeguro;57, 35, 90, 72, 11, 61, 52, 60, 96, 44
49;Lucas Ribeiro da Silva;lucas.ribeiro.da.silva@exemplo.com;+55 11 93145-9025;Bacharelado em Sistemas de Informação;5 anos como analista de dados;Python, Google Cloud, Vue.js, JavaScript, MySQL, AWS;Espanhol, Inglês, Alemão;AWS Certified Solutions Architect, Google Cloud Professional Data Engineer;Profissional com 5 anos como analista de dados, aplicando tecnologias como Python, Google Cloud, Vue.js em projetos realizados em empresas como IBM Brasil, Vale. Possui certificações como AWS Certified Solutions Architect, Google Cloud Professional Data Engineer, destacando-se pela capacidade de entregar soluções inovadoras e eficientes alinhadas às necessidades do negócio.;IBM Brasil, Vale;6, 68, 1, 61, 27, 53, 3, 37, 47, 5, 85, 95, 71
50;Henrique Ferreira Santos;henrique.ferreira.santos@exemplo.com;+55 11 97800-3596;Tecnólogo em Análise e Desenvolvimento de Sistemas;4 anos como administrador de banco de dados;Redis, NoSQL, Google Cloud, HTML, PostgreSQL, Spark;Português, Inglês;Google Cloud Professional Data Engineer, Certified Kubernetes Administrator, Certified Information Systems Security Professional (CISSP);Profissional com 4 anos como administrador de banco de dados, aplicando tecnologias como Redis, NoSQL, Google Cloud em projetos realizados em empresas como TOTVS, Embraer. Possui certificações como Google Cloud Professional Data Engineer, Certified Kubernetes Administrator, Certified Information Systems Security Professional (CISSP), destacando-se pela capacidade de entregar soluções inovadoras e eficientes alinhadas às necessidades do negócio.;TOTVS, Embraer;84, 19, 4, 23, 9, 86, 82, 76, 72, 68, 59, 58, 11, 94, 40
51;Tiago Barros Pereira;tiago.barros.pereira@exemplo.com;+55 11 99154-8917;Tecnólogo em Análise e Desenvolvimento de Sistemas;4 anos como administrador de banco de dados;PostgreSQL, HTML, Node.js, Spark, Azure;Português, Alemão;Certified Information Systems Security Professional (CISSP);Profissional com 4 anos como administrador de banco de dados, aplicando tecnologias como PostgreSQL, HTML, Node.js em projetos realizados em empresas como Vale. Possui certificações como Certified Information Systems Security Professional (CISSP), destacando-se pela capacidade de entregar soluções inovadoras e eficientes alinhadas às necessidades do negócio.;Vale;73, 61, 1, 86, 38, 58, 19, 17, 90, 12, 10
52;Mariana Gomes Melo;mariana.gomes.melo@exemplo.com;+55 11 93011-6948;Bacharelado em Ciência da Computação;5 anos como analista de dados;JavaScript, AWS, C#, Docker, NoSQL, Node.js, Azure;Espanhol, Alemão;Microsoft Certified: Azure Fundamentals, Google Cloud Professional Data Engineer, Oracle Certified Professional, Java SE;Profissional com 5 anos como analista de dados, aplicando tecnologias como JavaScript, AWS, C# em projetos realizados em empresas como PagSeguro, Google Brasil. Possui certificações como Microsoft Certified: Azure Fundamentals, Google Cloud Professional Data Engineer, Oracle Certified Professional, Java SE, destacando-se pela capacidade de entregar soluções inovadoras e eficientes alinhadas às necessidades do negócio.;PagSeguro, Google Brasil, IBM Brasil, Itaú Unibanco;36, 50, 62, 85, 59, 82, 83, 73, 46, 97, 75
53;Vanessa Lima Pereira;vanessa.lima.pereira@exemplo.com;+55 11 98888-9417;Engenharia da Computação;3 anos como cientista de dados;Hadoop, C#, Spark, Vue.js, Python;Inglês, Português, Francês;Certified Information Systems Security Professional (CISSP), Oracle Certified Professional, Java SE;Profissional com 3 anos como cientista de dados, aplicando tecnologias como Hadoop, C#, Spark em projetos realizados em empresas como PagSeguro, Globo.com. Possui certificações como Certified Information Systems Security Professional (CISSP), Oracle Certified Professional, Java SE, destacando-se pela capacidade de entregar soluções inovadoras e eficientes alinhadas às necessidades do negócio.;PagSeguro, Globo.com, Google Brasil, Nubank;62, 83, 1, 25, 5, 8, 85, 24, 12, 19, 21, 93, 37, 39, 58, 95, 57, 87
54;Ana Souza Santos;ana.souza.santos@exemplo.com;+55 11 98422-8597;Bacharelado em Ciência da Computação;4 anos como administrador de banco de dados;Redis, C#, Angular, Google Cloud, MongoDB, React;Inglês, Francês;Oracle Certified Professional, Java SE, AWS Certified Solutions Architect;Profissional com 4 anos como administrador de banco de dados, aplicando tecnologias como Redis, C#, Angular em projetos realizados em empresas como IBM Brasil, Nubank. Possui certificações como Oracle Certified Professional, Java SE, AWS Certified Solutions Architect, destacando-se pela capacidade de entregar soluções inovadoras e eficientes alinhadas às necessidades do negócio.;IBM Brasil, Nubank, Petrobras, Vale;32, 90, 65, 68, 25, 70
55;Henrique Ferreira da Silva;henrique.ferreira.da.silva@exemplo.com;+55 11 96502-6235;Tecnólogo em Análise e Desenvolvimento de Sistemas;2 anos como engenheiro de software;PyTorch, SQL, Google Cloud, HTML, Java, Vue.js, MySQL;Alemão, Francês, Espanhol;Google Cloud Professional Data Engineer, Microsoft Certified: Azure Fundamentals, Oracle Certified Professional, Java SE;Profissional com 2 anos como engenheiro de software, aplicando tecnologias como PyTorch, SQL, Google Cloud em projetos realizados em empresas como Embraer. Possui certificações como Google Cloud Professional Data Engineer, Microsoft Certified: Azure Fundamentals, Oracle Certified Professional, Java SE, destacando-se pela capacidade de entregar soluções inovadoras e eficientes alinhadas às necessidades do negócio.;Embraer;52, 31, 90, 71, 89, 54, 62, 53, 41, 14, 74, 80, 24, 6
56;Felipe Alves da Silva;felipe.alves.da.silva@exemplo.com;+55 11 94434-3295;Engenharia da Computação;4 anos como administrador de banco de dados;Node.js, MongoDB, JavaScript, PyTorch, React;Francês;Oracle Certified Professional, Java SE, AWS Certified Solutions Architect, Scrum Master Certified;Profissional com 4 anos como administrador de banco de dados, aplicando tecnologias como Node.js, MongoDB, JavaScript em projetos realizados em empresas como Amazon Brasil, Petrobras. Possui certificações como Oracle Certified Professional, Java SE, AWS Certified Solutions Architect, Scrum Master Certified, destacando-se pela capacidade de entregar soluções inovadoras e eficientes alinhadas às necessidades do negócio.;Amazon Brasil, Petrobras, Nubank;61, 51, 96, 6, 94, 39, 46, 38, 72, 23, 30
57;João Pereira Ferreira;joão.pereira.ferreira@exemplo.com;+55 11 98239-6282;Tecnólogo em Análise e Desenvolvimento de Sistemas;3 anos como desenvolvedor backend;PostgreSQL, Redis, Google Cloud, JavaScript, Python, C#, MongoDB;Português;Oracle Certified Professional, Java SE, Certified Kubernetes Administrator;Profissional com 3 anos como desenvolvedor backend, aplicando tecnologias como PostgreSQL, Redis, Google Cloud em projetos realizados em empresas como Mercado Livre, Vale. Possui certificações como Oracle Certified Professional, Java SE, Certified Kubernetes Administrator, destacando-se pela capacidade de entregar soluções inovadoras e eficientes alinhadas às necessidades do negócio.;Mercado Livre, Vale, PagSeguro;29, 42, 27, 88, 40, 66, 81, 43, 36, 91, 33, 1, 78, 84, 96, 55
58;Paula Moreira Melo;paula.moreira.melo@exemplo.com;+55 11 91453-7238;Bacharelado em Sistemas de Informação;3 anos como desenvolvedor backend;Docker, Redis, CSS, MySQL, JavaScript, Python, Node.js;Francês;Scrum Master Certified, Google Cloud Professional Data Engineer;Profissional com 3 anos como desenvolvedor backend, aplicando tecnologias como Docker, Redis, CSS em projetos realizados em empresas como Petrobras. Possui certificações como Scrum Master Certified, Google Cloud Professional Data Engineer, destacando-se pela capacidade de entregar soluções inovadoras e eficientes alinhadas às necessidades do negócio.;Petrobras;70, 12, 50, 14, 44, 38, 78, 85, 52, 63
59;Tiago Barros Pereira;tiago.barros.pereira@exemplo.com;+55 11 95855-3381;Bacharelado em Ciência da Computação;3 anos como desenvolvedor backend;MySQL, AWS, Python, C#, Vue.js, CSS, Spark;Francês;Google Cloud Professional Data Engineer, Certified Information Systems Security Professional (CISSP);Profissional com 3 anos como desenvolvedor backend, aplicando tecnologias como MySQL, AWS, Python em projetos realizados em empresas como Google Brasil. Possui certificações como Google Cloud Professional Data Engineer, Certified Information Systems Security Professional (CISSP), destacando-se pela capacidade de entregar soluções inovadoras e eficientes alinhadas às necessidades do negócio.;Google Brasil;79, 12, 41, 39, 5, 57, 33, 35, 100, 85, 60, 18, 4, 70, 82, 45, 40
60;Mariana Gomes Pereira;mariana.gomes.pereira@exemplo.com;+55 11 99333-4957;Engenharia de Software;5 anos como engenheiro de dados;AWS, Azure, Spark, Google Cloud, JavaScript, Vue.js, Java;Inglês, Francês;Certified Information Systems Security Professional (CISSP), Oracle Certified Professional, Java SE;Profissional com 5 anos como engenheiro de dados, aplicando tecnologias como AWS, Azure, Spark em projetos realizados em empresas como Microsoft Brasil, Petrobras. Possui certificações como Certified Information Systems Security Professional (CISSP), Oracle Certified Professional, Java SE, destacando-se pela capacidade de entregar soluções inovadoras e eficientes alinhadas às necessidades do negócio.;Microsoft Brasil, Petrobras;6, 41, 53, 52, 79, 20, 57, 8, 26
61;Paula Moreira Melo;paula.moreira.melo@exemplo.com;+55 11 92244-4117;Engenharia da Computação;6 anos como desenvolvedor full stack;Java, MySQL, SQL, TensorFlow, Vue.js, C#, HTML;Português, Francês, Alemão;Oracle Certified Professional, Java SE, Certified Information Systems Security Professional (CISSP), Microsoft Certified: Azure Fundamentals;Profissional com 6 anos como desenvolvedor full stack, aplicando tecnologias como Java, MySQL, SQL em projetos realizados em empresas como PagSeguro, Vale. Possui certificações como Oracle Certified Professional, Java SE, Certified Information Systems Security Professional (CISSP), Microsoft Certified: Azure Fundamentals, destacando-se pela capacidade de entregar soluções inovadoras e eficientes alinhadas às necessidades do negócio.;PagSeguro, Vale, IBM Brasil, Microsoft Brasil;45, 81, 51, 69, 17, 63, 1, 54, 40, 36, 72, 9, 2, 79, 84, 62, 48, 16, 47, 89
62;Tiago Barros da Silva;tiago.barros.da.silva@exemplo.com;+55 11 97488-8663;Bacharelado em Ciência da Computação;4 anos como administrador de banco de dados;Python, MongoDB, NoSQL, TensorFlow, React, JavaScript;Português;Microsoft Certified: Azure Fundamentals, Google Cloud Professional Data Engineer;Profissional com 4 anos como administrador de banco de dados, aplicando tecnologias como Python, MongoDB, NoSQL em projetos realizados em empresas como Globo.com. Possui certificações como Microsoft Certified: Azure Fundamentals, Google Cloud Professional Data Engineer, destacando-se pela capacidade de entregar soluções inovadoras e eficientes alinhadas às necessidades do negócio.;Globo.com;91, 27, 33, 57, 11, 8
63;Vanessa Lima Santos;vanessa.lima.santos@exemplo.com;+55 11 96478-3872;Engenharia da Computação;5 anos como analista de dados;Kubernetes, NoSQL, TensorFlow, PyTorch, MongoDB, Angular, Azure, SQL;Espanhol, Inglês;Microsoft Certified: Azure Fundamentals, Certified Information Systems Security Professional (CISSP), Oracle Certified Professional, Java SE;Profissional com 5 anos como analista de dados, aplicando tecnologias como Kubernetes, NoSQL, TensorFlow em projetos realizados em empresas como Microsoft Brasil. Possui certificações como Microsoft Certified: Azure Fundamentals, Certified Information Systems Security Professional (CISSP), Oracle Certified Professional, Java SE, destacando-se pela capacidade de entregar soluções inovadoras e eficientes alinhadas às necessidades do negócio.;Microsoft Brasil;2, 62, 56, 72, 34, 37, 52, 32, 9, 75, 36, 31, 88, 59, 74, 76, 85, 58, 26
64;Henrique Ferreira Ferreira;henrique.ferreira.ferreira@exemplo.com;+55 11 98717-2684;Engenharia da Computação;5 anos como analista de dados;HTML, Node.js, PostgreSQL, Vue.js, Kubernetes, Azure, Java;Espanhol;Microsoft Certified: Azure Fundamentals, Oracle Certified Professional, Java SE, Certified Information Systems Security Professional (CISSP);Profissional com 5 anos como analista de dados, aplicando tecnologias como HTML, Node.js, PostgreSQL em projetos realizados em empresas como Vale. Possui certificações como Microsoft Certified: Azure Fundamentals, Oracle Certified Professional, Java SE, Certified Information Systems Security Professional (CISSP), destacando-se pela capacidade de entregar soluções inovadoras e eficientes alinhadas às necessidades do negócio.;Vale;5, 20, 73, 13, 7, 76, 52, 94, 35, 17, 2, 25, 54, 81, 79, 90, 82
65;Ricardo Nunes Pereira;ricardo.nunes.pereira@exemplo.com;+55 11 99824-4662;Engenharia da Computação;3 anos como desenvolvedor backend;PostgreSQL, TensorFlow, Azure, MongoDB, JavaScript, Docker;Espanhol, Português;Certified Kubernetes Administrator, AWS Certified Solutions Architect, Google Cloud Professional Data Engineer;Profissional com 3 anos como desenvolvedor backend, aplicando tecnologias como PostgreSQL, TensorFlow, Azure em projetos realizados em empresas como Mercado Livre, Petrobras. Possui certificações como Certified Kubernetes Administrator, AWS Certified Solutions Architect, Google Cloud Professional Data Engineer, destacando-se pela capacidade de entregar soluções inovadoras e eficientes alinhadas às necessidades do negócio.;Mercado Livre, Petrobras;80, 93, 53, 58, 22, 100, 25, 59, 37, 52, 62, 19
66;Carla Mendes Ferreira;carla.mendes.ferreira@exemplo.com;+55 11 99869-1274;Tecnólogo em Análise e Desenvolvimento de Sistemas;2 anos como especialista em segurança da informação;PyTorch, Vue.js, MongoDB, React, Python, AWS, Kubernetes, Google Cloud;Alemão, Francês, Português;Oracle Certified Professional, Java SE, Certified Information Systems Security Professional (CISSP), Google Cloud Professional Data Engineer;Profissional com 2 anos como especialista em segurança da informação, aplicando tecnologias como PyTorch, Vue.js, MongoDB em projetos realizados em empresas como IBM Brasil, Globo.com. Possui certificações como Oracle Certified Professional, Java SE, Certified Information Systems Security Professional (CISSP), Google Cloud Professional Data Engineer, destacando-se pela capacidade de entregar soluções inovadoras e eficientes alinhadas às necessidades do negócio.;IBM Brasil, Globo.com, Embraer;64, 87, 32, 37, 72, 26, 57, 69, 31, 14, 41, 97, 88, 12, 55, 53, 61, 10, 62, 94
67;João Pereira Ferreira;joão.pereira.ferreira@exemplo.com;+55 11 94260-3799;Tecnólogo em Análise e Desenvolvimento de Sistemas;5 anos como analista de dados;JavaScript, Angular, MongoDB, Redis, Kubernetes, SQL, Hadoop;Espanhol, Francês;AWS Certified Solutions Architect, Scrum Master Certified;Profissional com 5 anos como analista de dados, aplicando tecnologias como JavaScript, Angular, MongoDB em projetos realizados em empresas como PagSeguro, Itaú Unibanco. Possui certificações como AWS Certified Solutions Architect, Scrum Master Certified, destacando-se pela capacidade de entregar soluções inovadoras e eficientes alinhadas às necessidades do negócio.;PagSeguro, Itaú Unibanco, Embraer, Petrobras;1, 47, 5, 49, 9, 28, 37, 50
68;João Pereira da Silva;joão.pereira.da.silva@exemplo.com;+55 11 94470-2459;Engenharia da Computação;2 anos como especialista em segurança da informação;Redis, Google Cloud, TensorFlow, AWS, Spark, HTML;Francês, Inglês;Google Cloud Professional Data Engineer, Certified Kubernetes Administrator, Scrum Master Certified;Profissional com 2 anos como especialista em segurança da informação, aplicando tecnologias como Redis, Google Cloud, TensorFlow em projetos realizados em empresas como Globo.com, IBM Brasil. Possui certificações como Google Cloud Professional Data Engineer, Certified Kubernetes Administrator, Scrum Master Certified, destacando-se pela capacidade de entregar soluções inovadoras e eficientes alinhadas às necessidades do negócio.;Globo.com, IBM Brasil;3, 47, 79, 31, 82, 26, 85, 24, 64, 58, 96, 91, 51, 38, 45, 69, 87
69;Mariana Gomes da Silva;mariana.gomes.da.silva@exemplo.com;+55 11 91885-5354;Engenharia da Computação;4 anos como administrador de banco de dados;CSS, TensorFlow, Kubernetes, SQL, MongoDB, Redis, PyTorch;Francês;AWS Certified Solutions Architect, Google Cloud Professional Data Engineer;Profissional com 4 anos como administrador de banco de dados, aplicando tecnologias como CSS, TensorFlow, Kubernetes em projetos realizados em empresas como Petrobras, Vale. Possui certificações como AWS Certified Solutions Architect, Google Cloud Professional Data Engineer, destacando-se pela capacidade de entregar soluções inovadoras e eficientes alinhadas às necessidades do negócio.;Petrobras, Vale;55, 37, 72, 53, 62, 78, 59, 25, 70, 3, 93, 68, 33
70;Eduarda Rocha da Silva;eduarda.rocha.da.silva@exemplo.com;+55 11 97137-3569;Bacharelado em Ciência da Computação;2 anos como engenheiro de software;PyTorch, Azure, AWS, Hadoop, Google Cloud, SQL, React;Francês, Português;AWS Certified Solutions Architect, Oracle Certified Professional, Java SE;Profissional com 2 anos como engenheiro de software, aplicando tecnologias como PyTorch, Azure, AWS em projetos realizados em empresas como Embraer, TOTVS. Possui certificações como AWS Certified Solutions Architect, Oracle Certified Professional, Java SE, destacando-se pela capacidade de entregar soluções inovadoras e eficientes alinhadas às necessidades do negócio.;Embraer, TOTVS, Nubank;26, 11, 89, 25, 83, 56, 15, 28, 42, 86, 93, 68, 81, 88, 85, 24, 60, 54, 63, 57
71;Ricardo Nunes Ferreira;ricardo.nunes.ferreira@exemplo.com;+55 11 91932-8205;Tecnólogo em Análise e Desenvolvimento de Sistemas;2 anos como especialista em segurança da informação;PostgreSQL, MongoDB, AWS, C#, Google Cloud;Francês, Inglês, Português;AWS Certified Solutions Architect, Certified Kubernetes Administrator, Google Cloud Professional Data Engineer;Profissional com 2 anos como especialista em segurança da informação, aplicando tecnologias como PostgreSQL, MongoDB, AWS em projetos realizados em empresas como Vale, Amazon Brasil. Possui certificações como AWS Certified Solutions Architect, Certified Kubernetes Administrator, Google Cloud Professional Data Engineer, destacando-se pela capacidade de entregar soluções inovadoras e eficientes alinhadas às necessidades do negócio.;Vale, Amazon Brasil, Google Brasil;41, 62, 19, 4, 88, 91, 55, 39, 10, 48, 79, 64, 96
72;Sofia Teixeira Pereira;sofia.teixeira.pereira@exemplo.com;+55 11 99289-6288;Bacharelado em Sistemas de Informação;5 anos como analista de dados;AWS, Spark, Python, JavaScript, React, PostgreSQL, MongoDB, Java;Alemão, Português, Francês;Google Cloud Professional Data Engineer;Profissional com 5 anos como analista de dados, aplicando tecnologias como AWS, Spark, Python em projetos realizados em empresas como Embraer. Possui certificações como Google Cloud Professional Data Engineer, destacando-se pela capacidade de entregar soluções inovadoras e eficientes alinhadas às necessidades do negócio.;Embraer;60, 38, 46, 95, 43, 61, 58, 12, 36, 80, 28, 3, 74, 30, 14, 13, 84, 100, 85, 90
73;Paula Moreira Pereira;paula.moreira.pereira@exemplo.com;+55 11 98033-7726;Bacharelado em Ciência da Computação;2 anos como engenheiro de software;PyTorch, MongoDB, MySQL, TensorFlow, JavaScript;Inglês, Português, Alemão;Microsoft Certified: Azure Fundamentals;Profissional com 2 anos como engenheiro de software, aplicando tecnologias como PyTorch, MongoDB, MySQL em projetos realizados em empresas como Itaú Unibanco. Possui certificações como Microsoft Certified: Azure Fundamentals, destacando-se pela capacidade de entregar soluções inovadoras e eficientes alinhadas às necessidades do negócio.;Itaú Unibanco;66, 48, 22, 7, 50, 69, 68, 11, 47, 37, 18, 67, 96, 56, 15, 93, 83, 63, 61
74;Lucas Ribeiro Santos;lucas.ribeiro.santos@exemplo.com;+55 11 98496-1304;Engenharia da Computação;6 anos como desenvolvedor full stack;NoSQL, Google Cloud, Spark, Java, JavaScript, Angular, Node.js, Azure;Inglês;Microsoft Certified: Azure Fundamentals, Google Cloud Professional Data Engineer;Profissional com 6 anos como desenvolvedor full stack, aplicando tecnologias como NoSQL, Google Cloud, Spark em projetos realizados em empresas como Vale, Nubank. Possui certificações como Microsoft Certified: Azure Fundamentals, Google Cloud Professional Data Engineer, destacando-se pela capacidade de entregar soluções inovadoras e eficientes alinhadas às necessidades do negócio.;Vale, Nubank;30, 96, 69, 25, 49, 42, 52, 40, 62, 55, 1, 79, 94, 87, 18, 61, 85
75;Carla Mendes da Silva;carla.mendes.da.silva@exemplo.com;+55 11 94868-9830;Engenharia de Software;2 anos como especialista em segurança da informação;Google Cloud, Redis, MySQL, Python, HTML, Kubernetes;Alemão, Inglês, Espanhol;Certified Kubernetes Administrator, AWS Certified Solutions Architect;Profissional com 2 anos como especialista em segurança da informação, aplicando tecnologias como Google Cloud, Redis, MySQL em projetos realizados em empresas como Globo.com, Vale. Possui certificações como Certified Kubernetes Administrator, AWS Certified Solutions Architect, destacando-se pela capacidade de entregar soluções inovadoras e eficientes alinhadas às necessidades do negócio.;Globo.com, Vale, TOTVS;28, 41, 20, 25, 7, 71, 94, 35
76;Ana Souza Santos;ana.souza.santos@exemplo.com;+55 11 99668-7522;Bacharelado em Sistemas de Informação;5 anos como engenheiro de dados;HTML, CSS, Spark, Redis, PostgreSQL, Google Cloud, Hadoop;Espanhol, Alemão;Google Cloud Professional Data Engineer, Oracle Certified Professional, Java SE;Profissional com 5 anos como engenheiro de dados, aplicando tecnologias como HTML, CSS, Spark em projetos realizados em empresas como Embraer, PagSeguro. Possui certificações como Google Cloud Professional Data Engineer, Oracle Certified Professional, Java SE, destacando-se pela capacidade de entregar soluções inovadoras e eficientes alinhadas às necessidades do negócio.;Embraer, PagSeguro, Nubank;98, 22, 42, 32, 43, 75, 83, 12, 16
77;Ana Souza Pereira;ana.souza.pereira@exemplo.com;+55 11 97599-3377;Bacharelado em Sistemas de Informação;4 anos como administrador de banco de dados;Hadoop, Docker, Angular, HTML, PyTorch, CSS, Python, Azure;Francês, Português, Inglês;Google Cloud Professional Data Engineer, Scrum Master Certified, Microsoft Certified: Azure Fundamentals;Profissional com 4 anos como administrador de banco de dados, aplicando tecnologias como Hadoop, Docker, Angular em projetos realizados em empresas como Amazon Brasil. Possui certificações como Google Cloud Professional Data Engineer, Scrum Master Certified, Microsoft Certified: Azure Fundamentals, destacando-se pela capacidade de entregar soluções inovadoras e eficientes alinhadas às necessidades do negócio.;Amazon Brasil;97, 33, 23, 12, 54, 43, 79, 24, 98, 1, 74
78;Isabela Costa Ferreira;isabela.costa.ferreira@exemplo.com;+55 11 97440-4624;Tecnólogo em Análise e Desenvolvimento de Sistemas;5 anos como analista de dados;MongoDB, Spark, Redis, CSS, MySQL, JavaScript;Alemão;Microsoft Certified: Azure Fundamentals, Oracle Certified Professional, Java SE;Profissional com 5 anos como analista de dados, aplicando tecnologias como MongoDB, Spark, Redis em projetos realizados em empresas como Microsoft Brasil, Mercado Livre. Possui certificações como Microsoft Certified: Azure Fundamentals, Oracle Certified Professional, Java SE, destacando-se pela capacidade de entregar soluções inovadoras e eficientes alinhadas às necessidades do negócio.;Microsoft Brasil, Mercado Livre, Embraer, Amazon Brasil;82, 94, 36, 91, 48, 55
79;Natália Andrade da Silva;natália.andrade.da.silva@exemplo.com;+55 11 93364-8190;Bacharelado em Sistemas de Informação;3 anos como desenvolvedor backend;AWS, Node.js, Redis, Azure, Python, PostgreSQL;Alemão;Scrum Master Certified, Microsoft Certified: Azure Fundamentals;Profissional com 3 anos como desenvolvedor backend, aplicando tecnologias como AWS, Node.js, Redis em projetos realizados em empresas como Google Brasil. Possui certificações como Scrum Master Certified, Microsoft Certified: Azure Fundamentals, destacando-se pela capacidade de entregar soluções inovadoras e eficientes alinhadas às necessidades do negócio.;Google Brasil;47, 93, 84, 33, 74, 45, 6, 85, 2, 78, 72, 77
80;Otávio Carvalho Melo;otávio.carvalho.melo@exemplo.com;+55 11 92428-7368;Bacharelado em Sistemas de Informação;2 anos como engenheiro de software;Kubernetes, Hadoop, Azure, PostgreSQL, Redis;Inglês;Certified Kubernetes Administrator, Microsoft Certified: Azure Fundamentals;Profissional com 2 anos como engenheiro de software, aplicando tecnologias como Kubernetes, Hadoop, Azure em projetos realizados em empresas como Google Brasil, Nubank. Possui certificações como Certified Kubernetes Administrator, Microsoft Certified: Azure Fundamentals, destacando-se pela capacidade de entregar soluções inovadoras e eficientes alinhadas às necessidades do negócio.;Google Brasil, Nubank, Amazon Brasil;87, 11, 97, 91, 42, 2
81;Vanessa Lima Melo;vanessa.lima.melo@exemplo.com;+55 11 94998-4700;Bacharelado em Sistemas de Informação;2 anos como engenheiro de software;MongoDB, Node.js, NoSQL, TensorFlow, MySQL;Francês, Português;Certified Kubernetes Administrator, Scrum Master Certified, AWS Certified Solutions Architect;Profissional com 2 anos como engenheiro de software, aplicando tecnologias como MongoDB, Node.js, NoSQL em projetos realizados em empresas como Nubank, Amazon Brasil. Possui certificações como Certified Kubernetes Administrator, Scrum Master Certified, AWS Certified Solutions Architect, destacando-se pela capacidade de entregar soluções inovadoras e eficientes alinhadas às necessidades do negócio.;Nubank, Amazon Brasil, Mercado Livre, PagSeguro;6, 45, 20, 87, 41, 78, 54, 98
82;Vanessa Lima Melo;vanessa.lima.melo@exemplo.com;+55 11 92149-4781;Bacharelado em Ciência da Computação;3 anos como cientista de dados;Java, CSS, C#, Redis, Hadoop, React, MySQL, PostgreSQL;Português, Espanhol, Alemão;Certified Kubernetes Administrator, Scrum Master Certified;Profissional com 3 anos como cientista de dados, aplicando tecnologias como Java, CSS, C# em projetos realizados em empresas como Itaú Unibanco, PagSeguro. Possui certificações como Certified Kubernetes Administrator, Scrum Master Certified, destacando-se pela capacidade de entregar soluções inovadoras e eficientes alinhadas às necessidades do negócio.;Itaú Unibanco, PagSeguro, TOTVS, Vale;4, 86, 55, 61, 51, 6, 94, 63, 42, 56, 64
83;Karen Martins Santos;karen.martins.santos@exemplo.com;+55 11 98660-6243;Engenharia da Computação;2 anos como engenheiro de software;HTML, Google Cloud, PostgreSQL, CSS, C#, Python;Inglês;Microsoft Certified: Azure Fundamentals, Certified Information Systems Security Professional (CISSP), Certified Kubernetes Administrator;Profissional com 2 anos como engenheiro de software, aplicando tecnologias como HTML, Google Cloud, PostgreSQL em projetos realizados em empresas como IBM Brasil. Possui certificações como Microsoft Certified: Azure Fundamentals, Certified Information Systems Security Professional (CISSP), Certified Kubernetes Administrator, destacando-se pela capacidade de entregar soluções inovadoras e eficientes alinhadas às necessidades do negócio.;IBM Brasil;80, 73, 52, 8, 54, 97, 63, 28, 61
84;Paula Moreira da Silva;paula.moreira.da.silva@exemplo.com;+55 11 93074-7982;Engenharia da Computação;4 anos como administrador de banco de dados;NoSQL, Angular, Spark, Hadoop, MySQL;Inglês, Alemão;Oracle Certified Professional, Java SE;Profissional com 4 anos como administrador de banco de dados, aplicando tecnologias como NoSQL, Angular, Spark em projetos realizados em empresas como Petrobras. Possui certificações como Oracle Certified Professional, Java SE, destacando-se pela capacidade de entregar soluções inovadoras e eficientes alinhadas às necessidades do negócio.;Petrobras;52, 36, 54, 91, 31, 1, 21
85;Henrique Ferreira Santos;henrique.ferreira.santos@exemplo.com;+55 11 92275-6370;Engenharia de Software;2 anos como especialista em segurança da informação;PostgreSQL, Google Cloud, Azure, HTML, PyTorch, JavaScript, Redis;Alemão;Oracle Certified Professional, Java SE;Profissional com 2 anos como especialista em segurança da informação, aplicando tecnologias como PostgreSQL, Google Cloud, Azure em projetos realizados em empresas como Nubank. Possui certificações como Oracle Certified Professional, Java SE, destacando-se pela capacidade de entregar soluções inovadoras e eficientes alinhadas às necessidades do negócio.;Nubank;54, 24, 69, 60, 40, 66, 78
86;Isabela Costa Pereira;isabela.costa.pereira@exemplo.com;+55 11 97689-4004;Engenharia da Computação;2 anos como engenheiro de software;Angular, Vue.js, Python, AWS, MySQL;Alemão, Francês, Português;Google Cloud Professional Data Engineer;Profissional com 2 anos como engenheiro de software, aplicando tecnologias como Angular, Vue.js, Python em projetos realizados em empresas como Vale. Possui certificações como Google Cloud Professional Data Engineer, destacando-se pela capacidade de entregar soluções inovadoras e eficientes alinhadas às necessidades do negócio.;Vale;40, 65, 2, 14, 10, 87, 13, 27, 85, 23
87;Eduarda Rocha Santos;eduarda.rocha.santos@exemplo.com;+55 11 98193-5182;Bacharelado em Sistemas de Informação;3 anos como cientista de dados;Spark, Node.js, SQL, React, Python, Google Cloud, JavaScript;Inglês, Português;Microsoft Certified: Azure Fundamentals, Certified Information Systems Security Professional (CISSP);Profissional com 3 anos como cientista de dados, aplicando tecnologias como Spark, Node.js, SQL em projetos realizados em empresas como Google Brasil. Possui certificações como Microsoft Certified: Azure Fundamentals, Certified Information Systems Security Professional (CISSP), destacando-se pela capacidade de entregar soluções inovadoras e eficientes alinhadas às necessidades do negócio.;Google Brasil;6, 97, 28, 91, 1, 85, 29, 14, 56, 17, 100
88;Henrique Ferreira Santos;henrique.ferreira.santos@exemplo.com;+55 11 93500-2014;Bacharelado em Sistemas de Informação;2 anos como engenheiro de software;Node.js, SQL, React, NoSQL, HTML, Docker;Alemão;Certified Information Systems Security Professional (CISSP);Profissional com 2 anos como engenheiro de software, aplicando tecnologias como Node.js, SQL, React em projetos realizados em empresas como Globo.com, Amazon Brasil. Possui certificações como Certified Information Systems Security Professional (CISSP), destacando-se pela capacidade de entregar soluções inovadoras e eficientes alinhadas às necessidades do negócio.;Globo.com, Amazon Brasil;12, 8, 29, 71, 80, 46, 42
89;Vanessa Lima Melo;vanessa.lima.melo@exemplo.com;+55 11 95895-6846;Tecnólogo em Análise e Desenvolvimento de Sistemas;4 anos como administrador de banco de dados;Kubernetes, Azure, Java, AWS, PyTorch;Inglês, Alemão, Francês;Scrum Master Certified, Microsoft Certified: Azure Fundamentals, Certified Information Systems Security Professional (CISSP);Profissional com 4 anos como administrador de banco de dados, aplicando tecnologias como Kubernetes, Azure, Java em projetos realizados em empresas como Itaú Unibanco, Amazon Brasil. Possui certificações como Scrum Master Certified, Microsoft Certified: Azure Fundamentals, Certified Information Systems Security Professional (CISSP), destacando-se pela capacidade de entregar soluções inovadoras e eficientes alinhadas às necessidades do negócio.;Itaú Unibanco, Amazon Brasil, Microsoft Brasil, Mercado Livre;15, 77, 87, 36, 37, 14, 57, 3, 68, 27, 1, 39, 44, 54, 76
90;Sofia Teixeira Santos;sofia.teixeira.santos@exemplo.com;+55 11 91064-2664;Bacharelado em Sistemas de Informação;2 anos como engenheiro de software;MongoDB, Java, MySQL, C#, Docker, PyTorch, Python;Alemão, Português, Francês;Certified Information Systems Security Professional (CISSP);Profissional com 2 anos como engenheiro de software, aplicando tecnologias como MongoDB, Java, MySQL em projetos realizados em empresas como Nubank. Possui certificações como Certified Information Systems Security Professional (CISSP), destacando-se pela capacidade de entregar soluções inovadoras e eficientes alinhadas às necessidades do negócio.;Nubank;64, 75, 28, 49, 50, 78, 67, 26, 33, 99, 46, 63, 61, 35, 48, 23, 53, 15
91;Paula Moreira Pereira;paula.moreira.pereira@exemplo.com;+55 11 97257-8798;Tecnólogo em Análise e Desenvolvimento de Sistemas;2 anos como especialista em segurança da informação;Azure, Vue.js, HTML, AWS, Angular, C#, Redis, JavaScript;Francês, Português, Inglês;Certified Information Systems Security Professional (CISSP);Profissional com 2 anos como especialista em segurança da informação, aplicando tecnologias como Azure, Vue.js, HTML em projetos realizados em empresas como Google Brasil, Vale. Possui certificações como Certified Information Systems Security Professional (CISSP), destacando-se pela capacidade de entregar soluções inovadoras e eficientes alinhadas às necessidades do negócio.;Google Brasil, Vale, Petrobras;19, 94, 82, 73, 38, 42, 85, 99, 14, 13
92;Henrique Ferreira Pereira;henrique.ferreira.pereira@exemplo.com;+55 11 93616-6201;Engenharia da Computação;5 anos como analista de dados;Angular, C#, PostgreSQL, Docker, Vue.js, Python, MongoDB, JavaScript;Inglês, Espanhol;Google Cloud Professional Data Engineer, Scrum Master Certified, Microsoft Certified: Azure Fundamentals;Profissional com 5 anos como analista de dados, aplicando tecnologias como Angular, C#, PostgreSQL em projetos realizados em empresas como Petrobras. Possui certificações como Google Cloud Professional Data Engineer, Scrum Master Certified, Microsoft Certified: Azure Fundamentals, destacando-se pela capacidade de entregar soluções inovadoras e eficientes alinhadas às necessidades do negócio.;Petrobras;82, 23, 56, 70, 69, 94, 42, 86, 98
93;Otávio Carvalho Ferreira;otávio.carvalho.ferreira@exemplo.com;+55 11 95389-9831;Engenharia de Software;5 anos como analista de dados;React, Kubernetes, Node.js, Google Cloud, PyTorch, TensorFlow, CSS;Alemão;Google Cloud Professional Data Engineer, Certified Kubernetes Administrator, Oracle Certified Professional, Java SE;Profissional com 5 anos como analista de dados, aplicando tecnologias como React, Kubernetes, Node.js em projetos realizados em empresas como Globo.com, Nubank. Possui certificações como Google Cloud Professional Data Engineer, Certified Kubernetes Administrator, Oracle Certified Professional, Java SE, destacando-se pela capacidade de entregar soluções inovadoras e eficientes alinhadas às necessidades do negócio.;Globo.com, Nubank, Microsoft Brasil;33, 7, 2, 57, 67, 46, 98, 58, 29, 51, 30, 80, 22, 25, 3, 35, 26
94;Gabriela Santos Santos;gabriela.santos.santos@exemplo.com;+55 11 97719-8994;Bacharelado em Sistemas de Informação;5 anos como analista de dados;JavaScript, Python, PostgreSQL, Redis, SQL;Francês;Microsoft Certified: Azure Fundamentals, Scrum Master Certified;Profissional com 5 anos como analista de dados, aplicando tecnologias como JavaScript, Python, PostgreSQL em projetos realizados em empresas como Vale, TOTVS. Possui certificações como Microsoft Certified: Azure Fundamentals, Scrum Master Certified, destacando-se pela capacidade de entregar soluções inovadoras e eficientes alinhadas às necessidades do negócio.;Vale, TOTVS, Petrobras;81, 36, 50, 77, 22, 55, 85, 88, 4, 58, 24, 84, 69, 44, 60
95;João Pereira Ferreira;joão.pereira.ferreira@exemplo.com;+55 11 98184-3525;Bacharelado em Sistemas de Informação;3 anos como desenvolvedor backend;PostgreSQL, JavaScript, MongoDB, Node.js, MySQL, Angular, Hadoop;Inglês;Scrum Master Certified;Profissional com 3 anos como desenvolvedor backend, aplicando tecnologias como PostgreSQL, JavaScript, MongoDB em projetos realizados em empresas como PagSeguro, Nubank. Possui certificações como Scrum Master Certified, destacando-se pela capacidade de entregar soluções inovadoras e eficientes alinhadas às necessidades do negócio.;PagSeguro, Nubank;60, 75, 66, 97, 33, 41, 4, 37, 69, 57
96;Ricardo Nunes Melo;ricardo.nunes.melo@exemplo.com;+55 11 92686-1635;Tecnólogo em Análise e Desenvolvimento de Sistemas;5 anos como engenheiro de dados;CSS, SQL, React, Redis, Docker, Azure, Python, HTML;Inglês;Certified Information Systems Security Professional (CISSP), Oracle Certified Professional, Java SE, Certified Kubernetes Administrator;Profissional com 5 anos como engenheiro de dados, aplicando tecnologias como CSS, SQL, React em projetos realizados em empresas como Google Brasil. Possui certificações como Certified Information Systems Security Professional (CISSP), Oracle Certified Professional, Java SE, Certified Kubernetes Administrator, destacando-se pela capacidade de entregar soluções inovadoras e eficientes alinhadas às necessidades do negócio.;Google Brasil;41, 86, 37, 31, 59, 67, 72, 9, 83, 33, 56, 17, 92, 2, 11, 61, 45, 46, 15, 26
97;Ana Souza da Silva;ana.souza.da.silva@exemplo.com;+55 11 94327-1896;Engenharia da Computação;2 anos como especialista em segurança da informação;MongoDB, Node.js, PyTorch, AWS, Vue.js, Python, MySQL;Alemão;Certified Kubernetes Administrator;Profissional com 2 anos como especialista em segurança da informação, aplicando tecnologias como MongoDB, Node.js, PyTorch em projetos realizados em empresas como Globo.com, PagSeguro. Possui certificações como Certified Kubernetes Administrator, destacando-se pela capacidade de entregar soluções inovadoras e eficientes alinhadas às necessidades do negócio.;Globo.com, PagSeguro, Google Brasil, Amazon Brasil;87, 72, 40, 75, 15, 47, 94
98;Eduarda Rocha Santos;eduarda.rocha.santos@exemplo.com;+55 11 99181-7251;Bacharelado em Ciência da Computação;6 anos como desenvolvedor full stack;JavaScript, HTML, Node.js, AWS, SQL, Google Cloud;Alemão, Espanhol, Português;Google Cloud Professional Data Engineer, Certified Kubernetes Administrator;Profissional com 6 anos como desenvolvedor full stack, aplicando tecnologias como JavaScript, HTML, Node.js em projetos realizados em empresas como Microsoft Brasil, Petrobras. Possui certificações como Google Cloud Professional Data Engineer, Certified Kubernetes Administrator, destacando-se pela capacidade de entregar soluções inovadoras e eficientes alinhadas às necessidades do negócio.;Microsoft Brasil, Petrobras, Nubank, Embraer;89, 75, 35, 5, 36, 39
99;Felipe Alves Melo;felipe.alves.melo@exemplo.com;+55 11 93763-3865;Engenharia da Computação;3 anos como cientista de dados;SQL, Node.js, Java, CSS, Spark, PyTorch;Espanhol, Francês;Certified Information Systems Security Professional (CISSP);Profissional com 3 anos como cientista de dados, aplicando tecnologias como SQL, Node.js, Java em projetos realizados em empresas como IBM Brasil, Embraer. Possui certificações como Certified Information Systems Security Professional (CISSP), destacando-se pela capacidade de entregar soluções inovadoras e eficientes alinhadas às necessidades do negócio.;IBM Brasil, Embraer, Petrobras;94, 55, 8, 22, 67, 47, 34
100;Vanessa Lima Santos;vanessa.lima.santos@exemplo.com;+55 11 95591-4903;Bacharelado em Sistemas de Informação;2 anos como engenheiro de software;CSS, Java, PyTorch, Google Cloud, MySQL, Azure;Espanhol, Inglês, Português;Certified Kubernetes Administrator, Microsoft Certified: Azure Fundamentals;Profissional com 2 anos como engenheiro de software, aplicando tecnologias como CSS, Java, PyTorch em projetos realizados em empresas como TOTVS, Globo.com. Possui certificações como Certified Kubernetes Administrator, Microsoft Certified: Azure Fundamentals, destacando-se pela capacidade de entregar soluções inovadoras e eficientes alinhadas às necessidades do negócio.;TOTVS, Globo.com, Itaú Unibanco;13, 97, 21, 74, 22
